gid;category_name;category_priority;category;sub_category_name;sub_category;discount
119924;LAPTOPY;4;laptopy;;;1714,0
119923;LAPTOPY;4;laptopy;;;1658,0
119903;LAPTOPY;4;laptopy;;;1605,0
119750;LAPTOPY;4;laptopy;;;1540,0
119908;LAPTOPY;4;laptopy;;;1440,0
119901;LAPTOPY;4;laptopy;;;1425,0
119922;LAPTOPY;4;laptopy;;;1422,0
119921;LAPTOPY;4;laptopy;;;1420,0
119907;LAPTOPY;4;laptopy;;;1308,0
119771;LAPTOPY;4;laptopy;;;1280,0
119773;LAPTOPY;4;laptopy;;;1230,0
119906;LAPTOPY;4;laptopy;;;1160,0
119905;LAPTOPY;4;laptopy;;;1100,0
119904;LAPTOPY;4;laptopy;;;1060,0
119893;LAPTOPY;4;laptopy;;;1047,0
119902;LAPTOPY;4;laptopy;;;1040,0
119900;LAPTOPY;4;laptopy;;;940,0
119899;LAPTOPY;4;laptopy;;;880,0
119895;LAPTOPY;4;laptopy;;;768,0
121449;LAPTOPY;4;laptopy;;;660,0
316036;LAPTOPY;4;laptopy;;;480,0
315274;LAPTOPY;4;laptopy;;;430,0
123399;LAPTOPY;4;laptopy;;;400,0
122791;LAPTOPY;4;laptopy;;;380,0
311969;LAPTOPY;4;laptopy;;;370,0
122795;LAPTOPY;4;laptopy;;;2000,0
316041;LAPTOPY;4;laptopy;;;320,0
313751;LAPTOPY;4;laptopy;;;320,0
120505;LAPTOPY;4;laptopy;;;290,0
314914;LAPTOPY;4;laptopy;;;280,0
122815;TELEWIZORY;3;telewizory;;;121,0
122799;TELEWIZORY;3;telewizory;;;109,0
122804;TELEWIZORY;3;telewizory;;;259,0
115168;TELEWIZORY;3;telewizory;;;50,0
125290;TELEWIZORY;3;telewizory;;;109,0
126580;TELEWIZORY;3;telewizory;;;800,0
124967;TELEWIZORY;3;telewizory;;;142,0
122131;TELEWIZORY;3;telewizory;;;15,0
122118;TELEWIZORY;3;telewizory;;;79,0
122297;TELEWIZORY;3;telewizory;;;35,0
122117;TELEWIZORY;3;telewizory;;;50,0
122738;TELEWIZORY;3;telewizory;;;109,0
122143;TELEWIZORY;3;telewizory;;;30,0
122133;TELEWIZORY;3;telewizory;;;9,0
125544;TELEWIZORY;3;telewizory;;;10,0
251114;TELEWIZORY;3;telewizory;;;30,0
123465;TELEWIZORY;3;telewizory;;;101,0
315740;TELEWIZORY;3;telewizory;;;20,0
122155;TELEWIZORY;3;telewizory;;;50,0
316807;TELEWIZORY;3;telewizory;;;200,0
122191;TELEWIZORY;3;telewizory;;;60,0
311295;TELEWIZORY;3;telewizory;;;50,0
311291;TELEWIZORY;3;telewizory;;;50,0
315013;TELEWIZORY;3;telewizory;;;50,0
122310;TELEWIZORY;3;telewizory;;;50,0
122272;TELEWIZORY;3;telewizory;;;50,0
122278;TELEWIZORY;3;telewizory;;;50,0
122274;TELEWIZORY;3;telewizory;;;50,0
311299;TELEWIZORY;3;telewizory;;;50,0
314662;TELEWIZORY;3;telewizory;;;50,0
311271;TELEWIZORY;3;telewizory;;;50,0
124709;SMARTFONY, SMARTWATCHE i TELEFONY;6;smartfony-smartwatche;smartfony;smartfony;674,8
111705;SMARTFONY, SMARTWATCHE i TELEFONY;6;smartfony-smartwatche;smartfony;smartfony;674,6
114766;SMARTFONY, SMARTWATCHE i TELEFONY;6;smartfony-smartwatche;smartfony;smartfony;419,8
121354;SMARTFONY, SMARTWATCHE i TELEFONY;6;smartfony-smartwatche;smartfony;smartfony;404,7
121591;SMARTFONY, SMARTWATCHE i TELEFONY;6;smartfony-smartwatche;smartfony;smartfony;329,7
116816;SMARTFONY, SMARTWATCHE i TELEFONY;6;smartfony-smartwatche;smartfony;smartfony;314,6
120578;SMARTFONY, SMARTWATCHE i TELEFONY;6;smartfony-smartwatche;smartfony;smartfony;310,0
107065;SMARTFONY, SMARTWATCHE i TELEFONY;6;smartfony-smartwatche;smartfony;smartfony;268,7
126263;SMARTFONY, SMARTWATCHE i TELEFONY;6;smartfony-smartwatche;smartfony;smartfony;249,8
120495;SMARTFONY, SMARTWATCHE i TELEFONY;6;smartfony-smartwatche;smartfony;smartfony;239,7
126254;SMARTFONY, SMARTWATCHE i TELEFONY;6;smartfony-smartwatche;smartfony;smartfony;212,3
126259;SMARTFONY, SMARTWATCHE i TELEFONY;6;smartfony-smartwatche;smartfony;smartfony;212,3
126261;SMARTFONY, SMARTWATCHE i TELEFONY;6;smartfony-smartwatche;smartfony;smartfony;212,3
126265;SMARTFONY, SMARTWATCHE i TELEFONY;6;smartfony-smartwatche;smartfony;smartfony;199,8
121076;SMARTFONY, SMARTWATCHE i TELEFONY;6;smartfony-smartwatche;smartfony;smartfony;194,7
126251;SMARTFONY, SMARTWATCHE i TELEFONY;6;smartfony-smartwatche;smartfony;smartfony;174,8
126252;SMARTFONY, SMARTWATCHE i TELEFONY;6;smartfony-smartwatche;smartfony;smartfony;174,8
126250;SMARTFONY, SMARTWATCHE i TELEFONY;6;smartfony-smartwatche;smartfony;smartfony;174,8
126253;SMARTFONY, SMARTWATCHE i TELEFONY;6;smartfony-smartwatche;smartfony;smartfony;174,8
126258;SMARTFONY, SMARTWATCHE i TELEFONY;6;smartfony-smartwatche;smartfony;smartfony;169,8
126260;SMARTFONY, SMARTWATCHE i TELEFONY;6;smartfony-smartwatche;smartfony;smartfony;169,8
125986;SMARTFONY, SMARTWATCHE i TELEFONY;6;smartfony-smartwatche;smartfony;smartfony;169,8
312008;SMARTFONY, SMARTWATCHE i TELEFONY;6;smartfony-smartwatche;smartfony;smartfony;149,8
125075;SMARTFONY, SMARTWATCHE i TELEFONY;6;smartfony-smartwatche;smartfony;smartfony;149,8
120167;SMARTFONY, SMARTWATCHE i TELEFONY;6;smartfony-smartwatche;smartfony;smartfony;140,0
120604;SMARTFONY, SMARTWATCHE i TELEFONY;6;smartfony-smartwatche;smartfony;smartfony;140,0
311462;SMARTFONY, SMARTWATCHE i TELEFONY;6;smartfony-smartwatche;smartfony;smartfony;140,0
311463;SMARTFONY, SMARTWATCHE i TELEFONY;6;smartfony-smartwatche;smartfony;smartfony;140,0
203567;SMARTFONY, SMARTWATCHE i TELEFONY;6;smartfony-smartwatche;smartfony;smartfony;135,8
116888;SMARTFONY, SMARTWATCHE i TELEFONY;6;smartfony-smartwatche;smartfony;smartfony;134,7
122857;SMARTFONY, SMARTWATCHE i TELEFONY;6;smartfony-smartwatche;smartfony;smartfony;134,7
121075;SMARTFONY, SMARTWATCHE i TELEFONY;6;smartfony-smartwatche;smartfony;smartfony;129,8
125996;SMARTFONY, SMARTWATCHE i TELEFONY;6;smartfony-smartwatche;smartfony;smartfony;124,8
126248;SMARTFONY, SMARTWATCHE i TELEFONY;6;smartfony-smartwatche;smartfony;smartfony;124,8
124873;SMARTFONY, SMARTWATCHE i TELEFONY;6;smartfony-smartwatche;smartfony;smartfony;119,8
118720;SMARTFONY, SMARTWATCHE i TELEFONY;6;smartfony-smartwatche;smartfony;smartfony;119,7
124386;SMARTFONY, SMARTWATCHE i TELEFONY;6;smartfony-smartwatche;smartfony;smartfony;112,3
126240;SMARTFONY, SMARTWATCHE i TELEFONY;6;smartfony-smartwatche;smartfony;smartfony;104,8
126243;SMARTFONY, SMARTWATCHE i TELEFONY;6;smartfony-smartwatche;smartfony;smartfony;104,8
124384;SMARTFONY, SMARTWATCHE i TELEFONY;6;smartfony-smartwatche;smartfony;smartfony;101,7
125606;SMARTFONY, SMARTWATCHE i TELEFONY;6;smartfony-smartwatche;smartwatche;smartwatche;100,0
125607;SMARTFONY, SMARTWATCHE i TELEFONY;6;smartfony-smartwatche;smartwatche;smartwatche;100,0
125604;SMARTFONY, SMARTWATCHE i TELEFONY;6;smartfony-smartwatche;smartwatche;smartwatche;100,0
125608;SMARTFONY, SMARTWATCHE i TELEFONY;6;smartfony-smartwatche;smartwatche;smartwatche;100,0
122842;SMARTFONY, SMARTWATCHE i TELEFONY;6;smartfony-smartwatche;smartfony;smartfony;100,0
311465;SMARTFONY, SMARTWATCHE i TELEFONY;6;smartfony-smartwatche;smartfony;smartfony;100,0
126245;SMARTFONY, SMARTWATCHE i TELEFONY;6;smartfony-smartwatche;smartfony;smartfony;99,8
126246;SMARTFONY, SMARTWATCHE i TELEFONY;6;smartfony-smartwatche;smartfony;smartfony;99,8
313121;SMARTFONY, SMARTWATCHE i TELEFONY;6;smartfony-smartwatche;smartfony;smartfony;99,8
312820;SMARTFONY, SMARTWATCHE i TELEFONY;6;smartfony-smartwatche;smartfony;smartfony;99,8
123639;SMARTFONY, SMARTWATCHE i TELEFONY;6;smartfony-smartwatche;smartfony;smartfony;99,8
125612;SMARTFONY, SMARTWATCHE i TELEFONY;6;smartfony-smartwatche;smartfony;smartfony;99,8
125849;SMARTFONY, SMARTWATCHE i TELEFONY;6;smartfony-smartwatche;smartfony;smartfony;99,8
313402;SMARTFONY, SMARTWATCHE i TELEFONY;6;smartfony-smartwatche;smartfony;smartfony;99,8
122950;SMARTFONY, SMARTWATCHE i TELEFONY;6;smartfony-smartwatche;smartfony;smartfony;99,8
126238;SMARTFONY, SMARTWATCHE i TELEFONY;6;smartfony-smartwatche;smartfony;smartfony;99,8
126236;SMARTFONY, SMARTWATCHE i TELEFONY;6;smartfony-smartwatche;smartfony;smartfony;99,8
126234;SMARTFONY, SMARTWATCHE i TELEFONY;6;smartfony-smartwatche;smartfony;smartfony;99,8
118192;SMARTFONY, SMARTWATCHE i TELEFONY;6;smartfony-smartwatche;smartfony;smartfony;89,8
124856;SMARTFONY, SMARTWATCHE i TELEFONY;6;smartfony-smartwatche;smartfony;smartfony;89,8
117447;SMARTFONY, SMARTWATCHE i TELEFONY;6;smartfony-smartwatche;smartfony;smartfony;85,1
313672;SMARTFONY, SMARTWATCHE i TELEFONY;6;smartfony-smartwatche;smartfony;smartfony;84,9
126244;SMARTFONY, SMARTWATCHE i TELEFONY;6;smartfony-smartwatche;smartfony;smartfony;83,8
126241;SMARTFONY, SMARTWATCHE i TELEFONY;6;smartfony-smartwatche;smartfony;smartfony;83,8
120448;SMARTFONY, SMARTWATCHE i TELEFONY;6;smartfony-smartwatche;smartfony;smartfony;82,3
125614;SMARTFONY, SMARTWATCHE i TELEFONY;6;smartfony-smartwatche;smartfony;smartfony;79,9
126436;SMARTFONY, SMARTWATCHE i TELEFONY;6;smartfony-smartwatche;smartfony;smartfony;79,8
313907;SMARTFONY, SMARTWATCHE i TELEFONY;6;smartfony-smartwatche;smartfony;smartfony;74,9
311898;SMARTFONY, SMARTWATCHE i TELEFONY;6;smartfony-smartwatche;smartwatche;smartwatche;67,8
311896;SMARTFONY, SMARTWATCHE i TELEFONY;6;smartfony-smartwatche;smartwatche;smartwatche;63,8
125613;SMARTFONY, SMARTWATCHE i TELEFONY;6;smartfony-smartwatche;smartfony;smartfony;60,0
125848;SMARTFONY, SMARTWATCHE i TELEFONY;6;smartfony-smartwatche;smartfony;smartfony;60,0
311976;SMARTFONY, SMARTWATCHE i TELEFONY;6;smartfony-smartwatche;smartfony;smartfony;60,0
313354;SMARTFONY, SMARTWATCHE i TELEFONY;6;smartfony-smartwatche;smartfony;smartfony;59,9
313353;SMARTFONY, SMARTWATCHE i TELEFONY;6;smartfony-smartwatche;smartfony;smartfony;54,9
137173;SMARTFONY, SMARTWATCHE i TELEFONY;6;smartfony-smartwatche;smartfony;smartfony;49,8
112533;SMARTFONY, SMARTWATCHE i TELEFONY;6;smartfony-smartwatche;telefony;telefony;41,7
124855;SMARTFONY, SMARTWATCHE i TELEFONY;6;smartfony-smartwatche;smartfony;smartfony;35,9
119930;SMARTFONY, SMARTWATCHE i TELEFONY;6;smartfony-smartwatche;telefony;telefony;31,8
311820;SMARTFONY, SMARTWATCHE i TELEFONY;6;smartfony-smartwatche;telefony;telefony;29,8
312455;SMARTFONY, SMARTWATCHE i TELEFONY;6;smartfony-smartwatche;telefony;telefony;25,8
313165;SMARTFONY, SMARTWATCHE i TELEFONY;6;smartfony-smartwatche;telefony;telefony;24,9
126673;SMARTFONY, SMARTWATCHE i TELEFONY;6;smartfony-smartwatche;telefony;telefony;19,8
313158;SMARTFONY, SMARTWATCHE i TELEFONY;6;smartfony-smartwatche;telefony;telefony;10,0
313159;SMARTFONY, SMARTWATCHE i TELEFONY;6;smartfony-smartwatche;telefony;telefony;10,0
116677;AGD WOLNOSTOJĄCE;2;agd-wolnostojace;Lodówki;lodowki;300,0
8435;AGD WOLNOSTOJĄCE;2;agd-wolnostojace;pralki;pralki;200,0
122145;TELEWIZORY;3;telewizory;;;200,0
122150;TELEWIZORY;3;telewizory;;;400,0
312896;MAŁE AGD;5;male-agd;roboty, blendery, miksery;roboty-blendery;15,2
312933;MAŁE AGD;5;male-agd;golarki;golarki;16,0
122347;MAŁE AGD;5;male-agd;szczoteczki;szczoteczki;16,0
312901;MAŁE AGD;5;male-agd;sokowirowki;sokowirowki;16,4
2953;MAŁE AGD;5;male-agd;wyciskarki;wyciskarki;16,5
121495;MAŁE AGD;5;male-agd;blendery;blendery;16,5
121415;MAŁE AGD;5;male-agd;tostery;tostery;16,5
108874;MAŁE AGD;5;male-agd;blendery;blendery;17,8
126010;MAŁE AGD;5;male-agd;szczoteczki;szczoteczki;17,8
122357;MAŁE AGD;5;male-agd;stylizacja włosów;stylizacja;18,0
312916;MAŁE AGD;5;male-agd;stylizacja włosów;stylizacja;18,4
100438;MAŁE AGD;5;male-agd;depilatory;depilatory;18,7
124896;MAŁE AGD;5;male-agd;stylizacja włosów;stylizacja;18,7
100319;MAŁE AGD;5;male-agd;blendery;blendery;19,5
108397;MAŁE AGD;5;male-agd;pozostałe;pozostale;20,0
312944;MAŁE AGD;5;male-agd;żelazka;zelazka;20,3
104502;MAŁE AGD;5;male-agd;blendery;blendery;21,0
312904;MAŁE AGD;5;male-agd;golarki;golarki;22,4
91701;MAŁE AGD;5;male-agd;golarki;golarki;22,4
98669;MAŁE AGD;5;male-agd;trymery;trymery;22,5
52023;MAŁE AGD;5;male-agd;roboty, blendery, miksery;roboty-blendery;22,5
95429;MAŁE AGD;5;male-agd;roboty, blendery, miksery;roboty-blendery;25,5
108319;MAŁE AGD;5;male-agd;stylizacja włosów;stylizacja;25,5
120642;MAŁE AGD;5;male-agd;trymery;trymery;25,8
110137;MAŁE AGD;5;male-agd;stylizacja włosów;stylizacja;26,0
312907;MAŁE AGD;5;male-agd;golarki;golarki;27,2
121498;MAŁE AGD;5;male-agd;blendery;blendery;28,0
98398;MAŁE AGD;5;male-agd;blendery;blendery;28,0
116987;MAŁE AGD;5;male-agd;trymery;trymery;28,4
312630;MAŁE AGD;5;male-agd;odkurzacze;odkurzacze;29,0
107813;MAŁE AGD;5;male-agd;golarki;golarki;29,2
126039;MAŁE AGD;5;male-agd;trymery;trymery;29,6
120600;MAŁE AGD;5;male-agd;stylizacja włosów;stylizacja;29,7
312628;MAŁE AGD;5;male-agd;odkurzacze;odkurzacze;29,9
109942;MAŁE AGD;5;male-agd;pozostałe;pozostale;30,0
312954;MAŁE AGD;5;male-agd;ekspresy;ekspresy;30,1
120699;MAŁE AGD;5;male-agd;pozostałe;pozostale;31,5
54367;MAŁE AGD;5;male-agd;sokowirówki;sokowirowki;32,2
83916;MAŁE AGD;5;male-agd;sokowirówki;sokowirowki;32,9
120607;MAŁE AGD;5;male-agd;pozostałe;pozostale;33,0
125888;MAŁE AGD;5;male-agd;blendery;blendery;33,0
313379;AGD DO ZABUDOWY;1;agd-zabudowa;płyty;plyty;33,5
120888;MAŁE AGD;5;male-agd;generatory i żelazka;generatory;34,4
312908;MAŁE AGD;5;male-agd;golarki;golarki;34,4
121274;MAŁE AGD;5;male-agd;odkurzacze;odkurzacze;35,2
82535;MAŁE AGD;5;male-agd;stylizacja włosów;stylizacja;36,0
54375;MAŁE AGD;5;male-agd;pozostałe;pozostale;37,2
313020;MAŁE AGD;5;male-agd;odkurzacze;odkurzacze;37,4
121485;MAŁE AGD;5;male-agd;tostery;tostery;37,4
313380;AGD DO ZABUDOWY;1;agd-zabudowa;płyty;plyty;37,4
111005;MAŁE AGD;5;male-agd;pozostałe;pozostale;40,0
47298;MAŁE AGD;5;male-agd;pozostałe;pozostale;40,0
312909;MAŁE AGD;5;male-agd;golarki;golarki;40,1
116985;MAŁE AGD;5;male-agd;trymery;trymery;40,2
107921;MAŁE AGD;5;male-agd;odkurzacze;odkurzacze;40,5
81904;MAŁE AGD;5;male-agd;sokowirówki;sokowirowki;43,5
313381;AGD DO ZABUDOWY;1;agd-zabudowa;płyty;plyty;43,9
96535;MAŁE AGD;5;male-agd;pozostałe;pozostale;44,6
52832;MAŁE AGD;5;male-agd;ekspresy;ekspresy;44,9
311873;MAŁE AGD;5;male-agd;odkurzacze;odkurzacze;44,9
114965;MAŁE AGD;5;male-agd;roboty i blendery;roboty-blendery;47,2
124605;MAŁE AGD;5;male-agd;pozostałe;pozostale;48,0
312730;MAŁE AGD;5;male-agd;szczoteczki;szczoteczki;48,4
115212;AGD WOLNOSTOJĄCE;2;agd-wolnostojace;Zamrażarki;zamrazarki;52,4
312644;MAŁE AGD;5;male-agd;odkurzacze;odkurzacze;57,3
126028;MAŁE AGD;5;male-agd;szczoteczki;szczoteczki;58,4
312943;MAŁE AGD;5;male-agd;roboty i blendery;roboty-blendery;59,9
98678;MAŁE AGD;5;male-agd;trymery;trymery;63,0
117100;MAŁE AGD;5;male-agd;tostery;tostery;66,0
56808;AGD WOLNOSTOJĄCE;2;agd-wolnostojace;Zamrażarki;zamrazarki;67,4
121273;MAŁE AGD;5;male-agd;odkurzacze;odkurzacze;70,4
126068;MAŁE AGD;5;male-agd;odkurzacze;odkurzacze;74,9
313367;AGD DO ZABUDOWY;1;agd-zabudowa;piekarniki;piekarniki;74,9
113483;AGD WOLNOSTOJĄCE;2;agd-wolnostojace;pralki;pralki;74,9
105045;MAŁE AGD;5;male-agd;golarki;golarki;75,0
118683;MAŁE AGD;5;male-agd;tostery;tostery;79,6
80725;MAŁE AGD;5;male-agd;wyciskarki;wyciskarki;80,6
312627;MAŁE AGD;5;male-agd;odkurzacze;odkurzacze;85,7
312626;MAŁE AGD;5;male-agd;odkurzacze;odkurzacze;85,7
312911;MAŁE AGD;5;male-agd;depilatory;depilatory;87,6
311389;MAŁE AGD;5;male-agd;generatory i żelazka;generatory;88,4
273709;MAŁE AGD;5;male-agd;golarki;golarki;89,9
120649;MAŁE AGD;5;male-agd;depilatory;depilatory;89,9
123495;MAŁE AGD;5;male-agd;stylizacja włosów;stylizacja;89,9
114523;MAŁE AGD;5;male-agd;depilatory;depilatory;95,6
119016;AGD WOLNOSTOJĄCE;2;agd-wolnostojace;kuchnie;kuchnie;97,4
107982;MAŁE AGD;5;male-agd;generatory i żelazka;generatory;99,0
124380;MAŁE AGD;5;male-agd;odkurzacze;odkurzacze;99,6
78372;AGD WOLNOSTOJĄCE;2;agd-wolnostojace;Lodówki;lodowki;100,0
107638;MAŁE AGD;5;male-agd;odkurzacze;odkurzacze;103,5
107664;MAŁE AGD;5;male-agd;odkurzacze;odkurzacze;103,8
83919;MAŁE AGD;5;male-agd;sokowirówki;sokowirowki;104,7
312888;MAŁE AGD;5;male-agd;roboty i blendery;roboty-blendery;106,0
119763;AGD WOLNOSTOJĄCE;2;agd-wolnostojace;pralki;pralki;108,0
111347;MAŁE AGD;5;male-agd;ekspresy;ekspresy;111,7
312654;MAŁE AGD;5;male-agd;odkurzacze;odkurzacze;113,9
312670;MAŁE AGD;5;male-agd;odkurzacze;odkurzacze;116,9
86021;MAŁE AGD;5;male-agd;tostery;tostery;121,5
312664;MAŁE AGD;5;male-agd;odkurzacze;odkurzacze;122,1
82563;AGD WOLNOSTOJĄCE;2;agd-wolnostojace;Zamrażarki;zamrazarki;124,2
126705;AGD DO ZABUDOWY;1;agd-zabudowa;okapy;okapy;125,3
312637;MAŁE AGD;5;male-agd;odkurzacze;odkurzacze;128,9
312635;MAŁE AGD;5;male-agd;odkurzacze;odkurzacze;128,9
126707;AGD DO ZABUDOWY;1;agd-zabudowa;okapy;okapy;128,9
126708;AGD DO ZABUDOWY;1;agd-zabudowa;okapy;okapy;129,2
100386;MAŁE AGD;5;male-agd;sokowirówki;sokowirowki;134,6
100680;AGD WOLNOSTOJĄCE;2;agd-wolnostojace;Lodówki;lodowki;134,9
124903;MAŁE AGD;5;male-agd;odkurzacze;odkurzacze;134,9
125276;MAŁE AGD;5;male-agd;odkurzacze;odkurzacze;139,4
312665;MAŁE AGD;5;male-agd;odkurzacze;odkurzacze;142,4
125093;AGD WOLNOSTOJĄCE;2;agd-wolnostojace;pralki;pralki;143,9
313567;AGD DO ZABUDOWY;1;agd-zabudowa;zmywarki;zmywarki;147,7
121062;MAŁE AGD;5;male-agd;generatory i żelazka;generatory;150,0
111928;AGD WOLNOSTOJĄCE;2;agd-wolnostojace;Lodówki;lodowki;164,9
91269;AGD DO ZABUDOWY;1;agd-zabudowa;płyty;plyty;164,9
313520;AGD WOLNOSTOJĄCE;2;agd-wolnostojace;Lodówki;lodowki;164,9
312668;MAŁE AGD;5;male-agd;odkurzacze;odkurzacze;166,4
78187;AGD WOLNOSTOJĄCE;2;agd-wolnostojace;pralki;pralki;170,9
313768;AGD DO ZABUDOWY;1;agd-zabudowa;zmywarki;zmywarki;172,7
313767;AGD DO ZABUDOWY;1;agd-zabudowa;zmywarki;zmywarki;172,7
312656;MAŁE AGD;5;male-agd;odkurzacze;odkurzacze;175,9
94808;AGD WOLNOSTOJĄCE;2;agd-wolnostojace;Zamrażarki;zamrazarki;179,9
70977;AGD DO ZABUDOWY;1;agd-zabudowa;piekarniki;piekarniki;187,4
113392;AGD DO ZABUDOWY;1;agd-zabudowa;okapy;okapy;187,4
212269;AGD WOLNOSTOJĄCE;2;agd-wolnostojace;Lodówki;lodowki;191,7
53615;AGD DO ZABUDOWY;1;agd-zabudowa;okapy;okapy;193,7
312669;MAŁE AGD;5;male-agd;odkurzacze;odkurzacze;194,9
56829;AGD DO ZABUDOWY;1;agd-zabudowa;okapy;okapy;194,9
125926;AGD WOLNOSTOJĄCE;2;agd-wolnostojace;pralki;pralki;194,9
123556;MAŁE AGD;5;male-agd;ekspresy;ekspresy;196,0
101363;AGD DO ZABUDOWY;1;agd-zabudowa;płyty;plyty;198,7
110448;AGD WOLNOSTOJĄCE;2;agd-wolnostojace;Zamrażarki;zamrazarki;199,8
107632;MAŁE AGD;5;male-agd;odkurzacze;odkurzacze;202,1
121180;AGD WOLNOSTOJĄCE;2;agd-wolnostojace;zmywarki;zmywarki;209,7
116804;AGD WOLNOSTOJĄCE;2;agd-wolnostojace;pralki;pralki;209,8
124746;AGD WOLNOSTOJĄCE;2;agd-wolnostojace;Lodówki;lodowki;209,9
118372;AGD WOLNOSTOJĄCE;2;agd-wolnostojace;Lodówki;lodowki;214,4
124906;MAŁE AGD;5;male-agd;odkurzacze;odkurzacze;217,4
75248;AGD DO ZABUDOWY;1;agd-zabudowa;okapy;okapy;217,4
115242;AGD WOLNOSTOJĄCE;2;agd-wolnostojace;pralki;pralki;217,4
82155;MAŁE AGD;5;male-agd;golarki;golarki;220,1
313271;AGD WOLNOSTOJĄCE;2;agd-wolnostojace;suszarki;suszarki;232,4
121179;AGD WOLNOSTOJĄCE;2;agd-wolnostojace;zmywarki;zmywarki;236,9
116896;AGD DO ZABUDOWY;1;agd-zabudowa;piekarniki;piekarniki;237,3
123741;MAŁE AGD;5;male-agd;depilatory;depilatory;239,7
118086;AGD DO ZABUDOWY;1;agd-zabudowa;okapy;okapy;239,9
118853;AGD DO ZABUDOWY;1;agd-zabudowa;płyty;plyty;249,8
121895;AGD DO ZABUDOWY;1;agd-zabudowa;okapy;okapy;249,8
124271;AGD WOLNOSTOJĄCE;2;agd-wolnostojace;Lodówki;lodowki;254,9
118293;AGD DO ZABUDOWY;1;agd-zabudowa;piekarniki;piekarniki;262,4
119309;AGD WOLNOSTOJĄCE;2;agd-wolnostojace;kuchnie;kuchnie;269,9
109916;AGD DO ZABUDOWY;1;agd-zabudowa;piekarniki;piekarniki;269,9
312673;MAŁE AGD;5;male-agd;odkurzacze;odkurzacze;274,4
117404;AGD DO ZABUDOWY;1;agd-zabudowa;piekarniki;piekarniki;274,8
122522;AGD WOLNOSTOJĄCE;2;agd-wolnostojace;Zamrażarki;zamrazarki;274,8
114739;MAŁE AGD;5;male-agd;pozostałe;pozostale;280,7
124908;MAŁE AGD;5;male-agd;odkurzacze;odkurzacze;281,9
313446;AGD DO ZABUDOWY;1;agd-zabudowa;płyty;plyty;294,0
112416;AGD WOLNOSTOJĄCE;2;agd-wolnostojace;pralki;pralki;295,8
121194;AGD WOLNOSTOJĄCE;2;agd-wolnostojace;Lodówki;lodowki;299,9
118537;MAŁE AGD;5;male-agd;odkurzacze;odkurzacze;299,9
112824;AGD DO ZABUDOWY;1;agd-zabudowa;okapy;okapy;309,8
111969;AGD WOLNOSTOJĄCE;2;agd-wolnostojace;Lodówki;lodowki;314,9
121514;AGD WOLNOSTOJĄCE;2;agd-wolnostojace;Lodówki;lodowki;322,4
123215;AGD DO ZABUDOWY;1;agd-zabudowa;płyty;plyty;323,9
124581;AGD WOLNOSTOJĄCE;2;agd-wolnostojace;suszarki;suszarki;329,9
82904;AGD WOLNOSTOJĄCE;2;agd-wolnostojace;pralki;pralki;333,8
69463;AGD WOLNOSTOJĄCE;2;agd-wolnostojace;Kuchnie mikrofalowe;Kuchnie-mikrofalowe;337,1
57619;AGD DO ZABUDOWY;1;agd-zabudowa;okapy;okapy;348,6
121309;AGD WOLNOSTOJĄCE;2;agd-wolnostojace;pralki;pralki;359,8
119784;AGD WOLNOSTOJĄCE;2;agd-wolnostojace;suszarki;suszarki;359,9
121326;AGD WOLNOSTOJĄCE;2;agd-wolnostojace;pralki;pralki;362,3
125115;AGD WOLNOSTOJĄCE;2;agd-wolnostojace;pralki;pralki;366,4
120092;AGD WOLNOSTOJĄCE;2;agd-wolnostojace;zmywarki;zmywarki;369,6
125116;AGD WOLNOSTOJĄCE;2;agd-wolnostojace;pralki;pralki;372,7
112900;AGD WOLNOSTOJĄCE;2;agd-wolnostojace;Lodówki;lodowki;374,8
111054;AGD DO ZABUDOWY;1;agd-zabudowa;piekarniki;piekarniki;382,4
120341;AGD DO ZABUDOWY;1;agd-zabudowa;piekarniki;piekarniki;387,3
123738;MAŁE AGD;5;male-agd;depilatory;depilatory;390,0
120219;AGD WOLNOSTOJĄCE;2;agd-wolnostojace;kuchnie;kuchnie;399,8
106919;AGD DO ZABUDOWY;1;agd-zabudowa;okapy;okapy;399,8
115219;AGD DO ZABUDOWY;1;agd-zabudowa;płyty;plyty;399,8
121259;AGD DO ZABUDOWY;1;agd-zabudowa;płyty;plyty;399,8
109747;AGD DO ZABUDOWY;1;agd-zabudowa;Lodówki;lodowki;419,9
121934;AGD WOLNOSTOJĄCE;2;agd-wolnostojace;Lodówki;lodowki;424,8
106903;AGD DO ZABUDOWY;1;agd-zabudowa;piekarniki;piekarniki;424,8
113427;AGD DO ZABUDOWY;1;agd-zabudowa;piekarniki;piekarniki;424,8
121327;AGD WOLNOSTOJĄCE;2;agd-wolnostojace;pralki;pralki;424,8
112954;AGD DO ZABUDOWY;1;agd-zabudowa;okapy;okapy;427,4
123321;AGD WOLNOSTOJĄCE;2;agd-wolnostojace;pralki;pralki;434,9
116595;AGD DO ZABUDOWY;1;agd-zabudowa;Lodówki;lodowki;442,4
111055;AGD DO ZABUDOWY;1;agd-zabudowa;piekarniki;piekarniki;442,4
93065;MAŁE AGD;5;male-agd;sokowirówki;sokowirowki;449,6
108992;AGD WOLNOSTOJĄCE;2;agd-wolnostojace;Zamrażarki;zamrazarki;449,9
120726;AGD DO ZABUDOWY;1;agd-zabudowa;okapy;okapy;459,8
119779;AGD WOLNOSTOJĄCE;2;agd-wolnostojace;pralki;pralki;464,7
61222;AGD DO ZABUDOWY;1;agd-zabudowa;płyty;plyty;469,8
106833;AGD DO ZABUDOWY;1;agd-zabudowa;okapy;okapy;474,8
123742;MAŁE AGD;5;male-agd;depilatory;depilatory;480,0
106959;AGD DO ZABUDOWY;1;agd-zabudowa;okapy;okapy;487,3
107725;AGD WOLNOSTOJĄCE;2;agd-wolnostojace;suszarki;suszarki;494,9
124588;AGD DO ZABUDOWY;1;agd-zabudowa;piekarniki;piekarniki;509,9
98895;AGD DO ZABUDOWY;1;agd-zabudowa;piekarniki;piekarniki;519,8
104033;AGD DO ZABUDOWY;1;agd-zabudowa;piekarniki;piekarniki;549,8
122770;AGD WOLNOSTOJĄCE;2;agd-wolnostojace;pralki;pralki;549,8
108966;AGD WOLNOSTOJĄCE;2;agd-wolnostojace;pralki;pralki;562,1
312554;AGD WOLNOSTOJĄCE;2;agd-wolnostojace;Lodówki;lodowki;578,7
123288;AGD DO ZABUDOWY;1;agd-zabudowa;płyty;plyty;584,9
81119;AGD WOLNOSTOJĄCE;2;agd-wolnostojace;Lodówki;lodowki;624,8
106907;AGD DO ZABUDOWY;1;agd-zabudowa;piekarniki;piekarniki;637,1
106904;AGD DO ZABUDOWY;1;agd-zabudowa;piekarniki;piekarniki;637,1
56831;AGD DO ZABUDOWY;1;agd-zabudowa;okapy;okapy;649,8
123322;AGD WOLNOSTOJĄCE;2;agd-wolnostojace;Lodówki;lodowki;659,8
113389;AGD DO ZABUDOWY;1;agd-zabudowa;okapy;okapy;659,9
111590;AGD WOLNOSTOJĄCE;2;agd-wolnostojace;suszarki;suszarki;702,3
74419;AGD WOLNOSTOJĄCE;2;agd-wolnostojace;Lodówki;lodowki;799,8
313572;AGD DO ZABUDOWY;1;agd-zabudowa;zmywarki;zmywarki;802,5
66707;AGD DO ZABUDOWY;1;agd-zabudowa;Lodówki;lodowki;845,9
122573;AGD WOLNOSTOJĄCE;2;agd-wolnostojace;Lodówki;lodowki;869,8
103573;AGD DO ZABUDOWY;1;agd-zabudowa;okapy;okapy;879,8
112417;AGD WOLNOSTOJĄCE;2;agd-wolnostojace;suszarki;suszarki;899,3
103735;AGD DO ZABUDOWY;1;agd-zabudowa;okapy;okapy;899,8
72554;AGD DO ZABUDOWY;1;agd-zabudowa;płyty;plyty;1099,8
81329;AGD WOLNOSTOJĄCE;2;agd-wolnostojace;Zamrażarki;zamrazarki;1187,3
101595;AGD DO ZABUDOWY;1;agd-zabudowa;piekarniki;piekarniki;1330,9
98891;AGD WOLNOSTOJĄCE;2;agd-wolnostojace;Lodówki;lodowki;1374,8
111021;MAŁE AGD;5;male-agd;odkurzacze;odkurzacze;1944,0
